Species,common name
ABDH,American Black Duck/Mallard hybrid
ABDU,American Black Duck
ABFL,Asian Brown Flycatcher
ABMA_HYA,American Black Duck/Mallard hybrid ABDU-like
ABMA_HYM,American Black Duck/Mallard hybrid MALL-like
ABMA_MAB,American Black Duck male/Mallard female pair
ABMA_MAM,American Black Duck female/Mallard male pair
ABTO,Abert's Towhee
ACFL,Acadian Flycatcher
ACGO,Cackling Goose - Aleutian race
ACWO,Acorn Woodpecker
ADWA,Adelaide's Warbler
AFCD,African Collared-Dove
AFOW,Ashy-faced Owl
AFSI,African Silverbill
AGHE,Agami Heron
AHJA,Azure-hooded Jay
AKEK,Akekee
AKEP,Akepa
AKIA,Akiapolaau
AKIK,Akikiki
AKOH,Akohekohe
ALFL,Alder Flycatcher
ALHU,Allen's Hummingbird
ALOR,Altamira Oriole
ALSW,Alpine Swift
ALTE,Aleutian Tern
ALYE,Altamira Yellowthroat
AMAU,Amaui
AMAV,American Avocet
AMBI,American Bittern
AMCO,American Coot
AMCR,American Crow
AMDI,American Dipper
AMFL,American Flamingo
AMGO,American Goldfinch
AMGP,American Golden-Plover
AMKE,American Kestrel
AMKI,Amazon Kingfisher
AMOY,American Oystercatcher
AMPI,American Pipit
AMRE,American Redstart
AMRO,American Robin
AMWI,American Wigeon
AMWO,American Woodcock
ANCH,Antillean Crested Hummingbird
ANEU,Antillean Euphonia
ANHI,Anhinga
ANHU,Anna's Hummingbird
ANIA,Anianiau
ANMA,Antillean Mango
ANMU,Ancient Murrelet
ANNI,Antillean Nighthawk
ANPI,Antillean Piculet
ANPS,Antillean Palm-Swift
ANSI,Antillean Siskin
APAP,Apapane
APFA,Aplomado Falcon
APKI,American Pygmy Kingfisher
ARLO,Arctic Loon
ARRW,Arrowhead Warbler
ARTA,Azure-rumped Tanager
ARTE,Arctic Tern
ARWA,Arctic Warbler
ARWO,Arizona Woodpecker
ASSP,Ashy Storm-Petrel
ATBR,Atlantic Brant
ATBT,Ashy-throated Bush-Tanager
ATFL,Ash-throated Flycatcher
ATGR,Atitlan Grebe
ATHU,Amethyst-throated Hummingbird
ATPU,Atlantic Puffin
ATSP,American Tree Sparrow
ATTW,American Three-toed Woodpecker
AUOR,Audubon's Oriole
AUSH,Audubon's Shearwater
AUWA,Audubon's Warbler
AWPE,American White Pelican
AZCH,Azure-crowned Hummingbird
AZGA,Azure Gallinule
AZTH,Aztec Thrush
BAAN,Barred Antshrike
BABE,Barred Becard
BABU,Barbados Bullfinch
BABU_UNI,Unidentified Bullock's/Baltimore Oriole
BABW,Band-backed Wren
BACA,Bare-crowned Antbird
BACS,Bachman's Sparrow
BADO,Barred Owl
BAEA,Bald Eagle
BAFA,Bat Falcon
BAFF,Barred Forest-Falcon
BAGO,Barrow's Goldeneye
BAGO_EAS,Barrow's Goldeneye - Eastern population
BAGO_WES,Barrow's Goldeneye - Western population
BAGT,Blue-and-gold Tanager
BAHA,Barred Hawk
BAHO,Bahama Oriole
BAHS,Bahama Swallow
BAHW,Bahama Warbler
BAIS,Baird's Sparrow
BAMO,Bahama Mockingbird
BANA,Bananaquit
BANO,Barn Owl
BANO_EAS,Barn Owl - Eastern population
BANO_WES,Barn Owl - Western population
BANS,Bank Swallow
BANW,Banded Wren
BAOR,Baltimore Oriole
BAPA,Barred Parakeet
BAPU,Barred Puffbird
BAQU,Banded Quail
BARG,Barnacle Goose
BARS,Barn Swallow
BARW,Barbuda Warbler
BASA,Baird's Sandpiper
BASO,Balsas Screech-Owl
BATE,Baikal Teal
BATR,Baird's Trogon
BAWA,Bachman's Warbler
BAWB,Black-and-white Becard
BAWH,Black-and-white Hawk-Eagle
BAWM,Blue-and-white Mockingbird
BAWO,Bahama Woodstar
BAWS,Blue-and-white Swallow
BAWW,Black-and-white Warbler
BAYE,Bahama Yellowthroat
BAYM,Blue-and-yellow Macaw
BAYS,Black-and-yellow Silky-flycatcher
BAYT,Black-and-yellow Tanager
BAYW,Bay Wren
BBAL,Black-browed Albatross
BBCU,Black-billed Cuckoo
BBEH,Buff-bellied Hummingbird
BBEW,Black-bellied Wren
BBFL,Buff-breasted Flycatcher
BBHE,Boat-billed Heron
BBIH,Broad-billed Hummingbird
BBIS,Broad-billed Sandpiper
BBMA,Black-billed Magpie
BBMO,Broad-billed Motmot
BBNT,Black-billed Nightingale-Thrush
BBNW,Black-banded Woodcreeper
BBOH,Bullock's/Baltimore Oriole hybrid
BBOR,Black-backed Oriole
BBPA,Black-billed Parrot
BBPL,Black-bellied Plover
BBPU,Black-breasted Puffbird
BBRC,Bay-breasted Cuckoo
BBRW,Buff-breasted Wren
BBSA,Buff-breasted Sandpiper
BBSC,Brown-billed Scythebill
BBSO,Brown-backed Solitaire
BBSP,Black-bellied Storm-Petrel
BBTO,Broad-billed Tody
BBWA,Bay-breasted Warbler
BBWD,Black-bellied Whistling-Duck
BBWO,Black-backed Woodpecker
BBWQ,Black-breasted Wood-Quail
BCAF,Black-capped Flycatcher
BCAH,Blue-capped Hummingbird
BCAT,Black-cheeked Ant-Tanager
BCAV,Brown-capped Vireo
BCCH,Black-capped Chickadee
BCCO,Black-crested Coquette
BCDO,Black-capped Donacobius
BCFL,Brown-crested Flycatcher
BCGN,Black-capped Gnatcatcher
BCHA,Black-collared Hawk
BCHH,Blue-chested Hummingbird
BCHJ,Black-chested Jay
BCHS,Black-chested Sparrow
BCHU,Black-chinned Hummingbird
BCMA,Brown-chested Martin
BCMO,Blue-crowned Motmot
BCNA,Black-crowned Antpitta
BCNH,Black-crowned Night-Heron
BCNI,Buff-collared Nightjar
BCOF,Bran-colored Flycatcher
BCOR,Black-cowled Oriole
BCPE,Black-capped Petrel
BCRC,Blue-crowned Chlorophonia
BCRF,Brown-capped Rosy-Finch
BCRJ,Bushy-crested Jay
BCRM,Blue-crowned Manakin
BCRT,Black-crowned Tityra
BCSI,Black-capped Siskin
BCSP,Black-chinned Sparrow
BCSW,Black-capped Swallow
BCTI,Black-crested Titmouse
BCTY,Brown-capped Tyrannulet
BCVI,Black-capped Vireo
BCWA,Black-cheeked Warbler
BCWO,Black-cheeked Woodpecker
BCWP,Buffy-crowned Wood-Partridge
BEAH,Beautiful Hummingbird
BEEH,Bee Hummingbird
BEFL,Belted Flycatcher
BEGO,Bean-Goose
BEGU,Belcher's Gull
BEHU,Berylline Hummingbird
BEKI,Belted Kingfisher
BEPE,Bermuda Petrel
BESO,Bearded Screech-Owl
BETH,Bendire's Thrasher
BETR,Beautiful Treerunner
BEVI,Bell's Vireo
BEWP,Bearded Wood-Partridge
BEWQ,Black-eared Wood-Quail
BEWR,Bewick's Wren
BEYE,Belding's Yellowthroat
BFAG,Black-faced Grosbeak
BFAL,Black-footed Albatross
BFAN,Black-faced Antthrush
BFBO,Blue-footed Booby
BFFG,Buff-fronted Foliage-gleaner
BFGR,Black-faced Grassquit
BFPA,Blue-fronted Parrotlet
BFQD,Buff-fronted Quail-Dove
BFSO,Black-faced Solitaire
BGGN,Blue-gray Gnatcatcher
BGNO,Blue-gray Noddy
BGRA,Blue-black Grassquit
BGRO,Blue-black Grosbeak
BGTA,Blue-gray Tanager
BHCO,Brown-headed Cowbird
BHEA,Black-headed Antthrush
BHEP,Blue-headed Parrot
BHGR,Black-headed Grosbeak
BHGU,Black-headed Gull
BHHU,Blue-headed Hummingbird
BHNT,Black-headed Nightingale-Thrush
BHNU,Brown-headed Nuthatch
BHOA,Black-hooded Antshrike
BHOP,Brown-hooded Parrot
BHQD,Blue-headed Quail-Dove
BHSA,Black-headed Saltator
BHSI,Black-headed Siskin
BHTA,Bay-headed Tanager
BHTF,Black-headed Tody-Flycatcher
BHTR,Black-headed Trogon
BHVI,Blue-headed Vireo
BIAN,Bicolored Antbird
BIHA,Bicolored Hawk
BIOO,Bishop's Oo
BITH,Bicknell's Thrush
BLAG,Black Guan
BLAK,Black Kite
BLAN,Black Antshrike
BLBF,Black-billed Flycatcher
BLBH,Black-bellied Hummingbird
BLBR,Black Brant
BLBU,Blue Bunting
BLBW,Blackburnian Warbler
BLCA,Black Catbird
BLCO,Blue Cotinga
BLDA,Blue Dacnis
BLFR,Black Francolin
BLGD,Blue Ground-Dove
BLGR,Blue Grosbeak
BLGS,Blue Grouse (Dusky/Sooty) unidentifed
BLGU,Black Guillemot
BLHE,Black Hawk-Eagle
BLJA,Blue Jay
BLKI,Black-legged Kittiwake
BLMA,Black Mamo
BLMO,Blue Mockingbird
BLNO,Black Noddy
BLOR,Black Oropendola
BLOW,Bare-legged Owl
BLOY,Black Oystercatcher
BLPH,Black Phoebe
BLPW,Blackpoll Warbler
BLRA,Black Rail
BLRF,Black Rosy-Finch
BLSC,Black Scoter
BLSE,Blue Seedeater
BLSK,Black Skimmer
BLSP,Black Storm-Petrel
BLSW,Black Swift
BLTE,Black Tern
BLTH,Black Thrush
BLTU,Black Turnstone
BLUE,Bluethroat
BLVU,Black Vulture
BLWO,Black-and-white Owl
BMTO,Black-mandibled Toucan
BMVI,Blue Mountain Vireo
BNIB,Buff-necked Ibis
BNST,Black-necked Stilt
BNUM,Bare-necked Umbrellabird
BOBF,Boat-billed Flycatcher
BOBO,Bobolink
BOCH,Boreal Chickadee
BOGU,Bonaparte's Gull
BOOW,Boreal Owl
BOPE,Bonin Petrel
BOPT,Bronze-olive Pygmy-Tyrant
BOSP,Botteri's Sparrow
BOWA,Bohemian Waxwing
BOWR,Boucard's Wren
BPLT,Black-crowned Palm-Tanager
BPYE,Black-polled Yellowthroat
BPYT,Black-capped Pygmy-Tyrant
BRAC,Brandt's Cormorant
BRAM,Brambling
BRAN,Brant
BRAN_EHA,Brant - Eastern High Arctic population
BRAN_PAC,Brant - Pacific population
BRAN_WHA,Brant - Western High Arctic population
BRAT,Bright-rumped Attila
BRBL,Brewer's Blackbird
BRBO,Brown Booby
BRCR,Brown Creeper
BREM,Brace's Emerald
BRHE,Bronzy Hermit
BRHO,Brown Hawk-Owl
BRIN,Black Brant - Atlantic intermediate
BRIS,Bridled Sparrow
BRJA,Brown Jay
BRMA,Bronze Mannikin
BRNO,Brown Noddy
BROC,Bronzed Cowbird
BRPE,Brown Pelican
BRQD,Bridled Quail-Dove
BRSH,Brown Shrike
BRSP,Brewer's Sparrow
BRSW,Band-rumped Swift
BRTE,Bridled Tern
BRTH,Brown Thrasher
BRTI,Bridled Titmouse
BRTR,Brown Trembler
BRTW,Brownish Twistwing
BRUW,Black-rumped Waxbill
BRVI,Brown Violetear
BRWA,Blue-winged/Golden-winged Warbler hybrid Brewster's form
BSSO,Bare-shanked Screech-Owl
BSSP,Belding's Savannah Sparrow
BSTP,Band-rumped Storm-Petrel
BSTS,Black-striped Sparrow
BSWO,Black-striped Woodcreeper
BTAH,Broad-tailed Hummingbird
BTAT,Black-tailed Trogon
BTBA,Band-tailed Barbthroat
BTBO,Black-throated Bobwhite
BTBW,Black-throated Blue Warbler
BTCO,Black-tipped Cotinga
BTCU,Bristle-thighed Curlew
BTFG,Buff-throated Foliage-gleaner
BTFL,Black-tailed Flycatcher
BTGD,Black-tailed Godwit
BTGG,Black-thighed Grosbeak
BTGN,Black-tailed Gnatcatcher
BTGO,Bar-tailed Godwit
BTGR,Boat-tailed Grackle
BTGU,Black-tailed Gull
BTHH,Blue-throated Hummingbird
BTHT,Black-throated Trogon
BTJA,Black-throated Jay
BTLH,Blue-tailed Hummingbird
BTMA,Black-throated Mango
BTMJ,Black-throated Magpie-Jay
BTMO,Blue-throated Motmot
BTNW,Black-throated Green Warbler
BTPA,Brown-throated Parakeet
BTPI,Band-tailed Pigeon
BTPL,Bronze-tailed Plumeleteer
BTRG,Blue-throated Goldentail
BTSA,Buff-throated Saltator
BTSP,Black-throated Sparrow
BTST,Black-throated Shrike-Tanager
BTTH,Bare-throated Tiger-Heron
BTWR,Black-throated Wren
BTYW,Black-throated Gray Warbler
BUDG,Budgerigar
BUFF,Bufflehead
BUHU,Bumblebee Hummingbird
BULS,Buller's Shearwater
BUOR,Bullock's Oriole
BUOW,Burrowing Owl
BUPE,Bulwer's Petrel
BURW,Buff-rumped Warbler
BUSH,Bushtit
BUTU,Buffy Tuftedcheek
BVOR,Black-vented Oriole
BVSH,Black-vented Shearwater
BWHA,Broad-winged Hawk
BWOR,Bar-winged Oriole
BWPE,Black-winged Petrel
BWST,Black-winged Stilt
BWTE,Blue-winged Teal
BWVI,Black-whiskered Vireo
BWWA,Blue-winged Warbler
CAAU,Cassin's Auklet
CACG,Cackling Goose
CACG_SGP,Cackling Goose - Shortgrass Prairie population
CACG_TAV,Cackling Goose - Taverner's population
CACG_TGP,Cackling Goose - Tallgrass Prairie population
CACH,Carolina Chickadee
CACO,California Condor
CACR,Cactus Wren
CADO,Caribbean Dove
CAEG,Cattle Egret
CAEL,Caribbean Elaenia
CAEM,Canivet's Emerald
CAFI,Cassin's Finch
CAGN,California Gnatcatcher
CAGR,Carib Grackle
CAGU,California Gull
CAHE,Capped Heron
CAHU,Calliope Hummingbird
CAJA,Canada Jay
CAKI,Cassin's Kingbird
CALT,California Towhee
CAMA,Caribbean Martin
CANG,Canada Goose
CANG_AFR,Canada Goose - Atlantic Flyway Resident population
CANG_ATL,Canada Goose - Atlantic population
CANG_DUS,Canada Goose - Dusky population
CANG_EPR,Canada Goose - Eastern Prairie population
CANG_HIL,Canada Goose - Hi-Line population
CANG_LES,Canada Goose - Lesser population
CANG_MFG,Canada Goose - Mississippi Flyway Giant population
CANG_MVA,Canada Goose - Mississippi Valley population
CANG_NAT,Canada Goose - North Atlantic population
CANG_PAC,Canada Goose - Pacific population
CANG_RMT,Canada Goose - Rocky Mountain population
CANG_SGP,Canada Goose - Shortgrass Prairie population
CANG_SJB,Canada Goose - Southern James Bay population
CANG_VAN,Canada Goose - Vancouver population
CANG_WPR,Canada Goose - Western Prairie/Great Plains population
CANT,Canyon Towhee
CANV,Canvasback
CANW,Canyon Wren
CAPA,Carolina Parakeet
CAPO,Central American Pygmy-Owl
CAQU,California Quail
CARC,Caribbean Coot
CARW,Carolina Wren
CASP,Cassin's Sparrow
CASW,Cave Swallow
CATA,Carmiol's Tanager
CATE,Caspian Tern
CATH,California Thrasher
CATY,Cattle Tyrant
CAVI,Cassin's Vireo
CAWA,Canada Warbler
CBAN,Chestnut-backed Antbird
CBCC,Carolina/Black-capped Chickadee hybrid
CBCH,Chestnut-backed Chickadee
CBCU,Chestnut-bellied Cuckoo
CBFL,Cinnamon-bellied Flowerpiercer
CBSA,Chestnut-bellied Sandgrouse
CBTA,Crimson-backed Tanager
CBTH,Curve-billed Thrasher
CBWO,Crimson-bellied Woodpecker
CCBF,Chestnut-capped Brush-Finch
CCGR,Crimson-collared Grosbeak
CCLO,Chestnut-collared Longspur
CCOW,Chestnut-colored Woodpecker
CCRW,Crimson-crested Woodpecker
CCSP,Clay-colored Sparrow
CCSW,Chestnut-collared Swift
CCSW_UNI,Unidentified Cave/Cliff Swallow
CCTA,Crimson-collared Tanager
CCTH,Clay-colored Thrush
CCWA,Crescent-chested Warbler
CEDW,Cedar Waxwing
CERW,Cerulean Warbler
CFMA,Chestnut-fronted Macaw
CFPA,Crimson-fronted Parakeet
CGWO,Cuban Green Woodpecker
CHAS,Chapman's Swift
CHEG,Chinese Egret
CHEM,Coppery-headed Emerald
CHET,Cherrie's Tanager
CHHU,Charming Hummingbird
CHMU,Chestnut Munia
CHOR,Chestnut-headed Oropendola
CHOT,Choco Tapaculo
CHPH,Chinese Pond-Heron
CHQD,Chiriqui Quail-Dove
CHRA,Chihuahuan Raven
CHRE,Unidentified Common/Hoary Redpoll
CHSH,Christmas Shearwater
CHSP,Chipping Sparrow
CHSW,Chimney Swift
CHUK,Chukar
CIHU,Cinnamon Hummingbird
CIMB,Cinnamon Becard
CIRB,Cinereous Becard
CITE,Cinnamon Teal
CITR,Citreoline Trogon
CIWA,Citrine Wagtail
CIWO,Cinnamon Woodpecker
CLGR,Clark's Grebe
CLNU,Clark's Nutcracker
CLRA,Clapper Rail
CLSW,Cliff Swallow
CLWR,Clarion Wren
CMWA,Cape May Warbler
COAR,Collared Aracari
COBH,Common Black-Hawk
COBT,Common Bush-Tanager
COCA,Common Canary
COCC,Cocos Cuckoo
COCF,Cocos Flycatcher
COCH,Common Chaffinch
COCT,Cocoa Thrush
COCU,Common Cuckoo
CODU,Comb Duck
COEI,Common Eider
COEI_AME,Common Eider - American or Southern race
COEI_HUD,Common Eider - Hudson Bay race
COEI_NOR,Common Eider - Northern race
COEI_PAC,Common Eider - Pacific race
COEM,Cozumel Emerald
COFF,Collared Forest-Falcon
COFI,Cocos Finch
COFL,Cordilleran Flycatcher
COGA,Common Gallinule
COGD,Common Ground-Dove
COGO,Common Goldeneye
COGR,Common Grackle
COHA,Cooper's Hawk
COHE,Cocoi Heron
COHM,Common House-Martin
COHU,Costa's Hummingbird
COKI,Couch's Kingbird
COLC,Colombian Crake
COLO,Common Loon
COLR,Collared Redstart
COLW,Colima Warbler
COMC,Common Crane
COME,Common Merganser
COMG,Common Greenshank
COMR,Common Redshank
COMU,Common Murre
COMW,Common Waxbill
COMY,Common Myna
CONI,Common Nighthawk
CONW,Connecticut Warbler
COOP,Cook's Petrel
COPA,Common Pauraque
COPL,Collared Plover
COPO,Common Poorwill
COPR,Collared Pratincole
CORA,Common Raven
CORC,Corn Crake
CORE,Common Redpoll
CORO,Common Rosefinch
COSA,Common Sandpiper
COSH,Cory's Shearwater
COSN,Common Snipe
COSW,Common Swift
COTE,Common Tern
COTF,Common Tody-Flycatcher
COTI,Choco Tinamou
COTO,Collared Towhee
COTR,Collared Trogon
COVI,Cozumel Vireo
COWB_UNI,Unidentified Cowbird
COWO,Cocoa Woodcreeper
COYE,Common Yellowthroat
COZT,Cozumel Thrasher
CPAK,Cuban Parakeet
CPAT,Cuban Parrot
CPEA,Common Peafowl
CPOC,Common Pochard
CPOT,Common Potoo
CPYO,Colima Pygmy-Owl
CRAU,Crested Auklet
CRBO,Crested Bobwhite
CRCA,Crested Caracara
CREA,Crested Eagle
CRGU,Crested Guan
CRHA,Crane Hawk
CRMU,Craveri's Murrelet
CRMY,Crested Myna
CROR,Crested Oropendola
CROS_UNI,Unidentified Crossbill
CROW,Crested Owl
CRPL,Common Ringed Plover
CRPO,Costa Rican Pygmy-Owl
CRQD,Crested Quail-Dove
CRSF,Crowned Slaty Flycatcher
CRSW,Costa Rican Swift
CRTH,Crissal Thrasher
CSSS,Cape Sable Seaside-Sparrow
CSSV,Chestnut-sided Shrike-Vireo
CSWA,Chestnut-sided Warbler
CTAN,Checker-throated Antwren
CTSP,Cinnamon-tailed Sparrow
CUBA,Cuban Martin
CUBH,Cuban Black-Hawk
CUBL,Cuban Blackbird
CUBM,Cuban Macaw
CUBU,Cuban Bullfinch
CUCK_UNI,Unidentified Cuckoo
CUCR,Cuban Crow
CUEM,Cuban Emerald
CUGN,Cuban Gnatcatcher
CUGR,Cuban Grassquit
CUOR,Cuban Oriole
CUPE,Cuban Pewee
CUPO,Cuban Pygmy-Owl
CUSA,Curlew Sandpiper
CUSO,Cuban Solitaire
CUTO,Cuban Tody
CUTR,Cuban Trogon
CUVI,Cuban Vireo
CVSH,Cape Verde Shearwater
CWWI,Chuck-will's-widow
DAPE,Dark Pewee
DBCU,Dark-billed Cuckoo
DBGR,Double-banded Graytail
DBJA,Dusky-backed Jacamar
DCCO,Double-crested Cormorant
DCFL,Dusky-capped Flycatcher
DEJU,Dark-eyed Junco
DEJU_UNI,Unidentified Dark-eyed Junco subspecies
DFTA,Dusky-faced Tanager
DICK,Dickcissel
DMAN,Dull-mantled Antbird
DOPI_UNI,Unidentified Dove or Pigeon
DOVE,Dovekie
DOWO,Downy Woodpecker
DSFL,Dark-sided Flycatcher
DSTK,Double-striped Thick-knee
DTKI,Double-toothed Kite
DUAN,Dusky Antbird
DUFL,Dusky Flycatcher
DUGR,Dusky Grouse
DUHU,Dusky Hummingbird
DUNI,Dusky Nightjar
DUNL,Dunlin
DUSS,Dusky Seaside-Sparrow
DUTH,Dusky Thrush
DUWA,Dusky Warbler
DWAN,Dot-winged Antwren
DWJA,Dwarf Jay
DWVI,Dwarf Vireo
EABL,Eastern Bluebird
EACT,Eastern Chat-Tanager
EADO,Eared Dove
EAGR,Eared Grebe
EAKI,Eastern Kingbird
EAME,Eastern Meadowlark
EAPH,Eastern Phoebe
EAPO,Eared Poorwill
EAQU,Eared Quetzal
EASO,Eastern Screech-Owl
EATO,Eastern Towhee
EAWP,Eastern Wood-Pewee
ECHU,Emerald-chinned Hummingbird
EHOB,Eurasian Hobby
EHOO,Eurasian Hoopoe
ELEP,Elepaio
ELEU,Elegant Euphonia
ELOW,Elf Owl
ELQU,Elegant Quail
ELTE,Elegant Tern
ELTR,Elegant Trogon
EMGO,Emperor Goose
EMTA,Emerald Tanager
EMTO,Emerald Toucanet
ERFL,Eye-ringed Flatbill
ERFR,Erckel's Francolin
ESBD,Eastern Spot-billed Duck
ESCU,Eskimo Curlew
ESPO,Eurasian Spoonbill
ETSP,Eurasian Tree Sparrow
EUBL,Eurasian Blackbird
EUBU,Eurasian Bullfinch
EUCD,Eurasian Collared-Dove
EUCO,Eurasian Coot
EUCU,Eurasian Curlew
EUDO,Eurasian Dotterel
EUFL,Euler's Flycatcher
EUGO,European Goldfinch
EUGP,European Golden-Plover
EUJA,Eurasian Jackdaw
EUKE,Eurasian Kestrel
EUOY,Eurasian Oystercatcher
EUSI,Eurasian Siskin
EUSP,European Storm-Petrel
EUST,European Starling
EUTD,European Turtle-Dove
EUWI,Eurasian Wigeon
EUWO,Eurasian Woodcock
EUWR,Eurasian Wryneck
EVGR,Evening Grosbeak
EWCS,Eastern White-crowned Sparrow
EWPW,Eastern Whip-poor-will
EWWA,Elfin-woods Warbler
EYTH,Eyebrowed Thrush
EYWA,Eastern Yellow Wagtail
FAAN,Fasciated Antshrike
FADU,Falcated Duck
FBAR,Fiery-billed Aracari
FBVI,Flat-billed Vireo
FCTA,Flame-colored Tanager
FECU,Far Eastern Curlew
FEFL,Fernandina's Flicker
FEHA,Ferruginous Hawk
FEPE,Fea's Petrel
FEPO,Ferruginous Pygmy-Owl
FFSH,Flesh-footed Shearwater
FGSP,Florida Grasshopper Sparrow
FICR,Fish Crow
FIEL,Fieldfare
FINC_UNI,Unidentified Finch
FISP,Field Sparrow
FLFL,Flammulated Flycatcher
FLOW,Flammulated Owl
FLSJ,Florida Scrub-Jay
FOEL,Forest Elaenia
FOSP,Fox Sparrow
FOTE,Forster's Tern
FOTH,Forest Thrush
FRGU,Franklin's Gull
FRTA,Flame-rumped Tanager
FSSP,Five-striped Sparrow
FTFL,Fork-tailed Flycatcher
FTHE,Fasciated Tiger-Heron
FTHU,Fiery-throated Hummingbird
FTHW,Flame-throated Warbler
FTSP,Fork-tailed Storm-Petrel
FTSW,Fork-tailed Swift
FTWA,Fan-tailed Warbler
FUOW,Fulvous Owl
FUWD,Fulvous Whistling-Duck
FVEU,Fulvous-vented Euphonia
GABU,Greater Antillean Bullfinch
GADW,Gadwall
GAEL,Greater Antillean Elaenia
GAEM,Garden Emerald
GAGR,Greater Antillean Grackle
GAGT,Gray-and-gold Tanager
GAKI,Greater Akialoa
GANI,Greater Antillean Nightjar
GANT,Great Antshrike
GAPE,Galapagos Petrel
GAQU,Gambel's Quail
GARG,Garganey
GARK,Green-and-rufous Kingfisher
GATH,Garnet-throated Hummingbird
GATR,Gartered Trogon
GBAN,Groove-billed Ani
GBAT,Gray-backed Tern
GBBG,Great Black-backed Gull
GBCH,Golden-browed Chlorophonia
GBCR,Gray-breasted Crake
GBFL,Golden-bellied Flycatcher
GBHA,Gray-bellied Hawk
GBHE,Great Blue Heron
GBHE_FAN,Great Blue Heron fannini subspecies
GBHE_WHI,Great White Heron
GBMG,Green-breasted Mountain-gem
GBSP,Green-backed Sparrow
GBTE,Gull-billed Tern
GBWA,Golden-browed Warbler
GBWO,Gray-breasted Woodpecker
GBWR,Gray-barred Wren
GBWW,Gray-breasted Wood-Wren
GCAF,Gray-capped Flycatcher
GCAT,Grand Cayman Thrush
GCBE,Gray-collared Becard
GCBR,Green-crowned Brilliant
GCBT,Unidentified Gray-cheeked/Bicknell's Thrush
GCDO,Gray-chested Dove
GCEM,Golden-crowned Emerald
GCFL,Great Crested Flycatcher
GCHW,Golden-cheeked Woodpecker
GCKI,Golden-crowned Kinglet
GCMA,Golden-collared Manakin
GCNU,Gray-cheeked Nunlet
GCPT,Gray-crowned Palm-Tanager
GCRF,Gray-crowned Rosy-Finch
GCRS,Golden-crowned Spadebill
GCRW,Golden-crowned Warbler
GCSP,Golden-crowned Sparrow
GCTE,Great Crested Tern
GCTH,Gray-cheeked Thrush
GCWA,Golden-cheeked Warbler
GCYE,Gray-crowned Yellowthroat
GFGR,Golden-fronted Greenlet
GFHU,Green-fronted Hummingbird
GFLY,Grenada Flycatcher
GFQD,Gray-fronted Quail-Dove
GFRL,Green-fronted Lancebill
GFWO,Golden-fronted Woodpecker
GGMA,Great Green Macaw
GGOW,Great Gray Owl
GGWO,Golden-green Woodpecker
GHCH,Gray-headed Chickadee
GHDO,Gray-headed Dove
GHEC,Gray-headed Chachalaca
GHET,Gray-headed Tanager
GHGU,Gray-hooded Gull
GHJU,Gray-headed Junco
GHKI,Gray-headed Kite
GHMA,Golden-headed Manakin
GHOT,Golden-hooded Tanager
GHOW,Great Horned Owl
GHPI,Gray-headed Piprites
GHQU,Golden-headed Quetzal
GICO,Giant Cowbird
GIFL,Gilded Flicker
GIKI,Giant Kingbird
GIWO,Gila Woodpecker
GIWR,Giant Wren
GJAC,Great Jacamar
GKIN,Green Kingfisher
GKIS,Great Kiskadee
GLGU,Glaucous Gull
GLIB,Glossy Ibis
GLTH,Glow-throated Hummingbird
GMAG,Green Mango
GMAK,Green Manakin
GNBM,Green-breasted Mango
GNCW,Green-crowned Woodnymph
GNLA,Greater Necklaced Laughingthrush
GNTA,Green-naped Tanager
GNWO,Golden-naped Woodpecker
GNWR,Gray-necked Wood-Rail
GOCF,Golden-crowned Flycatcher
GOEA,Golden Eagle
GOSW,Golden Swallow
GOVI,Golden Vireo
GOWO,Golden-olive Woodpecker
GRAE,Gray Elaenia
GRAF,Gray Francolin
GRAH,Gray Heron
GRAJ,Gray Jay
GRAK,Gray Kingbird
GRAM,Greater Amakihi
GRAP,Gray Partridge
GRAS,Grayish Saltator
GRAT,Gray Thrasher
GRAU,Great Auk
GRAW,Gray Wagtail
GRBH,Great Black-Hawk
GRBU,Gray Bunting
GRCA,Gray Catbird
GRCO,Great Cormorant
GRCU,Great Curassow
GRDO,Grenada Dove
GREF,Great Frigatebird
GREG,Great Egret
GREH,Green Hermit
GREJ,Green Jay
GREL,Greenish Elaenia
GREP,Green Parakeet
GRET,Green Thorntail
GREV,Green Violetear
GRFH,Gray Frog-Hawk
GRFL,Gray Flycatcher
GRGO,Greylag Goose
GRGU,Gray Gull
GRHA,Gray Hawk
GRHE,Green Heron
GRHO,Green Honeycreeper
GRIB,Green Ibis
GRKF,Greater Koa-Finch
GRKN,Great Knot
GRLC,Great Lizard-Cuckoo
GRNI,Gray Nightjar
GRPC,Greater Prairie-Chicken
GRPE,Greater Pewee
GRPO,Great Potoo
GRPU,Greenish Puffleg
GRRO,Greater Roadrunner
GRSA,Green Sandpiper
GRSC,Greater Scaup
GRSF,Gray Silky-flycatcher
GRSG,Greater Sage-Grouse
GRSG_PHA,Greater Sage-Grouse phaios subspecies
GRSG_URO,Greater Sage-Grouse urophasianus subspecies
GRSH,Great Shearwater
GRSK,Great Skua
GRSP,Grasshopper Sparrow
GRSV,Green Shrike-Vireo
GRSW,Gray-rumped Swift
GRTA,Greater Ani
GRTI,Great Tinamou
GRTR,Gray Trembler
GRUP,Green-rumped Parrotlet
GRVI,Gray Vireo
GRWA,Grace's Warbler
GRYE,Greater Yellowlegs
GRYF,Grassland Yellow-Finch
GSAP,Greater Sand-Plover
GSBF,Green-striped Brush-Finch
GSFL,Gray-streaked Flycatcher
GSGB,Snow Goose Greater - blue morph
GSGI,Snow Goose Greater - intermediate blue/white morph
GSGW,Snow Goose Greater - white morph
GSTS,Great Swallow-tailed Swift
GSWO,Great Spotted Woodpecker
GTCA,Green-throated Carib
GTCH,Gray-throated Chat
GTGR,Great-tailed Grackle
GTLE,Gray-throated Leaftosser
GTMG,Green-throated Mountain-gem
GTTA,Gray-tailed Tattler
GTTO,Green-tailed Towhee
GTWA,Green-tailed Warbler
GUCA,Guadalupe Caracara
GUHA,Gundlach's Hawk
GUSG,Gunnison Sage-Grouse
GUSP,Guadalupe Storm-Petrel
GUWO,Guadeloupe Woodpecker
GWCS,Gambel's White-crowned Sparrow
GWFG,Greater White-fronted Goose
GWFG_MCO,Greater White-fronted Goose - Mid-continent population
GWFG_PAC,Greater White-fronted Goose - Pacific Flyway
GWFG_TUL,Greater White-fronted Goose - Tule population
GWGU,Glaucous-winged Gull
GWPE,Great-winged Petrel
GWTE,Green-winged Teal
GWWA,Golden-winged Warbler
GYBM,Gray-breasted Martin
GYCW,Gray-crowned Woodpecker
GYRF,Gyrfalcon
HAAM,Hawaii Amakihi
HACO,Hawaiian Coot
HADU,Harlequin Duck
HADU_EAS,Harlequin Duck - Eastern population
HADU_WES,Harlequin Duck - Western population
HAEA,Harpy Eagle
HAFL,Hammond's Flycatcher
HAGO,Hawaiian Goose
HALE,Hawaii Elepaio
HALH,Harlan's Hawk
HAMA,Hawaii Mamo
HAMO,Hawaiian Moorhen
HAOO,Hawaii Oo
HAPE,Hawaiian Petrel
HARA,Hawaiian Rail
HASH,Harris's Hawk
HASP,Harris's Sparrow
HAST,Hawaiian Stilt
HAWD,Hawaiian Duck
HAWF,Hawfinch
HAWH,Hawaiian Hawk
HAWO,Hairy Woodpecker
HAWR,Happy Wren
HBKI,Hook-billed Kite
HCRE,Hawaii Creeper
HCRO,Hawaiian Crow
HDFL,Unidentified Hammond's/Dusky Flycatcher
HEEG,Heermann's Gull
HELG,Helmeted Guineafowl
HEPE,Herald Petrel
HERG,Herring Gull
HESP,Henslow's Sparrow
HETA,Hepatic Tanager
HETH,Hermit Thrush
HETO_UNI,Unidentified Townsend's/Hermit Warbler
HEWA,Hermit Warbler
HICR,Hispaniolan Crossbill
HIEM,Hispaniolan Emerald
HIGU,Highland Guan
HILC,Hispaniolan Lizard-Cuckoo
HIMY,Hill Myna
HIPE,Hispaniolan Pewee
HISN,Himalayan Snowcock
HISO,Hispaniolan Oriole
HISP,Hispaniolan Spindalis
HITI,Highland Tinamou
HITR,Hispaniolan Trogon
HIWO,Hispaniolan Woodpecker
HOEM,Honduran Emerald
HOFI,House Finch
HOGR,Horned Grebe
HOGR_MAG,Horned Grebe - Magdalen Islands population
HOGR_WES,Horned Grebe - Western population
HOGU,Horned Guan
HOLA,Horned Lark
HOLA_STR,Horned Lark strigata subspecies
HOME,Hooded Merganser
HOOG,Hooded Grosbeak
HOOR,Hooded Oriole
HOPU,Horned Puffin
HORE,Hoary Redpoll
HOSP,House Sparrow
HOWA,Hooded Warbler
HOWO,Hoffmann's Woodpecker
HOWR,House Wren
HOYE,Hooded Yellowthroat
HPAK,Hispaniolan Parakeet
HPAT,Hispaniolan Parrot
HUGO,Hudsonian Godwit
HUSA,Humboldt's Sapphire
HUVI,Hutton's Vireo
HWAM,Hwamei
HYAL,Albatross hybrid
HYCH,Chickadee hybrid
HYGU,Gull hybrid
HYMA,Mallard hybrid
HYSA,Sapsucker hybrid
HYSK,Skua hybrid
HYTE,Tern hybrid (except Common/Roseate)
HYTO,Towhee hybrid
IBIW,Ivory-billed Woodcreeper
IBWO,Ivory-billed Woodpecker
ICGU,Iceland Gull
IIWI,'I'iwi
ILBH,Indigo/Lazuli Bunting hybrid
IMAN,Immaculate Antbird
IMPA,Imperial Parrot
IMWO,Imperial Woodpecker
INBU,Indigo Bunting
INDO,Inca Dove
INEG,Intermediate Egret
INSI,Indian Silverbill
INTE,Inca Tern
IPSP,Ipswich Sparrow
ISSJ,Island Scrub-Jay
IVGU,Ivory Gull
JABE,Jamaican Becard
JABI,Jabiru
JABL,Jamaican Blackbird
JABW,Japanese Bush-Warbler
JACR,Jamaican Crow
JAEG_UNI,Unidentified Jaeger
JAEL,Jamaican Elaenia
JAEU,Jamaican Euphonia
JALC,Jamaican Lizard-Cuckoo
JAMA,Jamaican Mango
JAMS,Jamaican Spindalis
JAOR,Jamaican Oriole
JAOW,Jamaican Owl
JAPA,Jamaican Pauraque
JAPE,Jamaican Pewee
JAQU,Japanese Quail
JASN,Jack Snipe
JASP,Java Sparrow
JATO,Jamaican Tody
JAVI,Jamaican Vireo
JAWE,Japanese White-eye
JAWO,Jamaican Woodpecker
JEAN,Jet Antbird
JFPE,Juan Fernandez Petrel
JOPE,Jouanin's Petrel
JUNC_UNI,Unidentified Junco
JUTI,Juniper Titmouse
KAAM,Kauai Amakihi
KAKA,Kakawahie
KAMA,Kamao
KAOO,Kauai Oo
KAPH,Kalij Pheasant
KAUE,Kauai Elepaio
KBMO,Keel-billed Motmot
KBTO,Keel-billed Toucan
KEGU,Kelp Gull
KEPE,Kermadec Petrel
KEWA,Kentucky Warbler
KIEI,King Eider
KILL,Killdeer
KIMU,Kittlitz's Murrelet
KING_UNI,Unidentified Kingbird
KIOE,Kioea
KIRA,King Rail
KIVU,King Vulture
KIWA,Kirtland's Warbler
KOGR,Kona Grosbeak
KWQD,Key West Quail-Dove
LAAL,Laysan Albatross
LABD,Labrador Duck
LAFA,Laughing Falcon
LAFI,Laysan Finch
LAFL,Lesser Antillean Flycatcher
LAGO,Lawrence's Goldfinch
LAGU,Laughing Gull
LAHO,Lanai Hookbill
LALO,Lapland Longspur
LAMO,Lanceolated Monklet
LANB,Lesser Antillean Bullfinch
LANW,Lanceolated Warbler
LAPE,Lesser Antillean Pewee
LARA,Laysan Rail
LARB,Lark Bunting
LASA,Lesser Antillean Saltator
LASP,Lark Sparrow
LASW,Lesser Antillean Swift
LATA,Lesser Antillean Tanager
LATM,Lance-tailed Manakin
LAVW,Lavender Waxbill
LAWA,Blue-winged/Golden-winged hybrid Lawrence's form
LAYD,Laysan Duck
LAZB,Lazuli Bunting
LBBG,Lesser Black-backed Gull
LBCU,Long-billed Curlew
LBDO,Long-billed Dowitcher
LBFH,Layson/Black-footed Albatross hybrid
LBGN,Long-billed Gnatwren
LBHE,Little Blue Heron
LBIH,Long-billed Hermit
LBMU,Long-billed Murrelet
LBSF,Large-billed Seed-Finch
LBST,Long-billed Starthroat
LBTE,Large-billed Tern
LBTH,Long-billed Thrasher
LBVI,Least Bell's Vireo
LBWO,Ladder-backed Woodpecker
LCGO,Canada Goose - large
LCPA,Lilac-crowned Parrot
LCSP,Le Conte's Sparrow
LCTH,Le Conte's Thrasher
LEAK,Lesser Akialoa
LEAU,Least Auklet
LEBI,Least Bittern
LEEL,Lesser Elaenia
LEFL,Least Flycatcher
LEFR,Lesser Frigatebird
LEGC,Lesser Ground-Cuckoo
LEGO,Lesser Goldfinch
LEGR,Least Grebe
LEKF,Lesser Koa-Finch
LEKI,Lesser Kiskadee
LENI,Lesser Nighthawk
LEOW,Long-eared Owl
LEPA,Least Pauraque
LEPC,Lesser Prairie-Chicken
LERO,Lesser Roadrunner
LESA,Least Sandpiper
LESC,Lesser Scaup
LESG,Lesser Greenlet
LESP,Leach's Storm-Petrel
LETE,Least Tern
LEWH,Lesser Whitethroat
LEWO,Lewis's Woodpecker
LEYE,Lesser Yellowlegs
LFFI,Large-footed Finch
LIBI,Little Bittern
LIBU,Little Bunting
LICU,Little Curlew
LIEG,Little Egret
LIFG,Lineated Foliage-gleaner
LIGU,Little Gull
LIMP,Limpkin
LISH,Little Shearwater
LISP,Lincoln's Sparrow
LIST,Little Stint
LITC,Little Cuckoo
LITE,Little Tern
LITI,Little Tinamou
LIWO,Lineated Woodpecker
LMAL,Light-mantled Albatross
LOCO,Lovely Cotinga
LOKI,Loggerhead Kingbird
LOSH,Loggerhead Shrike
LOSH_EXC,Loggerhead Shrike excubitorides subspecies
LOSH_MIG,Loggerhead Shrike migrans subspecies
LOTM,Long-tailed Manakin
LOWA,Louisiana Waterthrush
LRPL,Little Ringed Plover
LSAP,Lesser Sand-Plover
LSFL,La Sagra's Flycatcher
LSGB,Snow Goose Lesser blue form
LSGI,Snow Goose Lesser - intermediate blue/white morph
LSGW,Snow Goose Lesser - white morph
LSTA,Lemon-spectacled Tanager
LSTH,La Selle Thrush
LSTP,Least Storm-Petrel
LSTS,Lesser Swallow-tailed Swift
LTDU,Long-tailed Duck
LTJA,Long-tailed Jaeger
LTSA,Long-tailed Sabrewing
LTSF,Long-tailed Silky-flycatcher
LTST,Long-toed Stint
LTTR,Lattice-tailed Trogon
LTTY,Long-tailed Tyrant
LTWO,Long-tailed Woodcreeper
LTWP,Long-tailed Wood-Partridge
LUHU,Lucifer Hummingbird
LUWA,Lucy's Warbler
LWFG,Lesser White-fronted Goose
LWHA,Long-winged Harrier
LYHV,Lesser Yellow-headed Vulture
MAAL,Maui Alauahio
MABO,Masked Booby
MACU,Mangrove Cuckoo
MADU,Masked Duck
MAFR,Magnificent Frigatebird
MAGO,Marbled Godwit
MAHU,Magnificent Hummingbird
MALL,Mallard
MAMU,Marbled Murrelet
MANH,Mangrove Hummingbird
MANS,Mangrove Swallow
MANW,Mangrove Warbler
MAOR,Martinique Oriole
MAPA,Maui Parrotbill
MASA,Marsh Sandpiper
MASH,Manx Shearwater
MASP,Markham's Storm-Petrel
MASW,Mariana Swiftlet
MATI,Masked Tityra
MAVI,Mangrove Vireo
MAWA,Magnolia Warbler
MAWQ,Marbled Wood-Quail
MAWR,Marsh Wren
MAYE,Masked Yellowthroat
MCGD,Maroon-chested Ground-Dove
MCGO,Cackling Goose - Cackling or Minima form
MCLO,McCown's Longspur
MCTY,Mouse-colored Tyrannulet
MEAD_UNI,Unidentified Meadowlark
MEAP,Mealy Parrot
MEBL,Melodious Blackbird
MECH,Mexican Chickadee
MEGU,Mew Gull
MEJA,Mexican Jay
MERL,Merlin
MESH,Mexican Sheartail
MEWO,Mexican Woodnymph
MEXP,Mexican Parrotlet
MFPA,Maroon-fronted Parrot
MGWA,MacGillivray's Warbler
MIGW,Middendorff's Grasshopper-Warbler
MIKI,Mississippi Kite
MILL,Millerbird
MIMA,Military Macaw
MIPA,Mitred Parakeet
MKBU,McKay's Bunting
MOAN,Moustached Antwren
MOBL,Mountain Bluebird
MOCH,Mountain Chickadee
MODO,Mourning Dove
MODU,Mottled Duck
MOEL,Mountain Elaenia
MONQ,Montezuma Quail
MOOT_UNI,Unidentified Common Gallinule/American Coot
MOOW,Mottled Owl
MOPA,Monk Parakeet
MOPE,Mottled Petrel
MOPL,Mountain Plover
MORI,Montserrat Oriole
MORO,Montezuma Oropendola
MOTH,Mountain Thrush
MOTR,Mountain Trogon
MOUQ,Mountain Quail
MOWA,Mourning Warbler
MTWO,Magenta-throated Woodstar
MUDU,Muscovy Duck
MUFL,Mugimaki Flycatcher
MUPE,Murphy's Petrel
MURR_UNI,Unidentified Murre
MUSW,Mute Swan
MWCS,Mountain White-crowned Sparrow
MWPW,Mexican Whip-poor-will
MYWA,Myrtle Warbler
NABO,Nazca Booby
NAFL,Narcissus Flycatcher
NAWA,Nashville Warbler
NAWR,Nava's Wren
NBTO,Narrow-billed Tody
NECO,Neotropic Cormorant
NESP,Nelson's Sparrow
NFIN,Northern Flicker yellow/red-shafted intergrade
NHOW,Northern Hawk Owl
NIFI,Nihoa Finch
NIGH_UNI,Unidentified Nighthawk
NIGR,Nicaraguan Grackle
NISF,Nicaraguan Seed-Finch
NIWR,Nightingale Wren
NOBE,Northern Bentbill
NOBO,Northern Bobwhite
NOBT,Northern Beardless-Tyrannulet
NOBW,Northern Barred-Woodcreeper
NOCA,Northern Cardinal
NOCR,Northwestern Crow
NOFL,Northern Flicker
NOFL_RED,Northern Flicker red-shafted form
NOFL_UNI,Unidentified Northern Flicker subspecies
NOFL_YEL,Northern Flicker yellow-shafted form
NOFU,Northern Fulmar
NOGA,Northern Gannet
NOGO,Northern Goshawk
NOGO_ATR,Northern Goshawk atricapillus subspecies
NOGO_LAI,Northern Goshawk laingi subspecies
NOHA,Northern Harrier
NOJA,Northern Jacana
NOLA,Northern Lapwing
NOMO,Northern Mockingbird
NOPA,Northern Parula
NOPI,Northern Pintail
NOPO,Northern Pygmy-Owl
NORP,Northern Potoo
NOSF,Northern Scrub-Flycatcher
NOWA,Northern Waterthrush
NOWH,Northern Wheatear
NRWS,Northern Rough-winged Swallow
NSHO,Northern Shoveler
NSHR,Northern Shrike
NSWO,Northern Saw-whet Owl
NSWO_BRO,Northern Saw-whet Owl brooksi subspecies
NUFL,Nutting's Flycatcher
NUKU,Nukupuu
NUMA,Nutmeg Mannikin
NUWO,Nuttall's Woodpecker
NWCS,Nuttall's White-crowned Sparrow
OAAL,Oahu Alauahio
OAAM,Oahu Amakihi
OAEL,Oahu Elepaio
OAOO,Oahu Oo
OASP,Oaxaca Sparrow
OATI,Oak Titmouse
OBAE,Olive-backed Euphonia
OBAN,Ochre-breasted Antpitta
OBBU,Orange-breasted Bunting
OBEE,Orange-bellied Euphonia
OBFA,Orange-breasted Falcon
OBFL,Ochre-bellied Flycatcher
OBNT,Orange-billed Nightingale-Thrush
OBPI,Olive-backed Pipit
OBQD,Olive-backed Quail-Dove
OBSP,Orange-billed Sparrow
OBTR,Orange-bellied Trogon
OCAN,Ocellated Antbird
OCAW,Olive-capped Warbler
OCBE,One-colored Becard
OCCR,Ocellated Crake
OCHW,Orange-cheeked Waxbill
OCMA,Orange-collared Manakin
OCOR,Orange-crowned Oriole
OCPA,Orange-chinned Parakeet
OCPE,Ochraceous Pewee
OCPO,Ocellated Poorwill
OCQU,Ocellated Quail
OCTH,Ocellated Thrasher
OCTU,Ocellated Turkey
OCWA,Orange-crowned Warbler
OCWR,Ochraceous Wren
OCYE,Olive-crowned Yellowthroat
OFPA,Orange-fronted Parakeet
OHGO,Goose hybrid - other
OILB,Oilbird
OLFL,Olivaceous Flatbill
OLOM,Olomao
OLPI,Olivaceous Piculet
OLSP,Olive Sparrow
OLWA,Olive Warbler
OLWO,Olivaceous Woodcreeper
OMAO,Omao
ORAN,Orangequit
ORAO,Orange Oriole
ORBI,Orange Bishop
ORCU,Oriental Cuckoo
ORGO,Orinoco Goose
ORGR,Oriental Greenfinch
ORHE,Ornate Hawk-Eagle
ORIO_UNI,Unidentified Oriole
ORJU,Oregon Junco
OROR,Orchard Oriole
ORPR,Oriental Pratincole
ORSO,Oriental Scops-Owl
ORTD,Oriental Turtle-Dove
ORWA,Oriente Warbler
OSFL,Olive-sided Flycatcher
OSPR,Osprey
OSTF,Olive-striped Flycatcher
OTPA,Olive-throated Parakeet
OU,Ou
OVEN,Ovenbird
PAAN,Pacific Antwren
PAAU,Parakeet Auklet
PABU,Painted Bunting
PACP,Pacific Parakeet
PACR,Palm Crow
PAFL,Panama Flycatcher
PAGP,Pacific Golden-Plover
PAIP,Painted Parakeet
PAJA,Parasitic Jaeger
PALB,Pallas's Bunting
PALI,Palila
PALM,Palmchat
PALO,Pacific Loon
PALT,Palm Tanager
PALW,Pallas's Leaf-Warbler
PAPE,Parkinson's Petrel
PAPI,Passenger Pigeon
PARE,Painted Redstart
PASO,Pacific Screech-Owl
PAST,Passerini's Tanager
PATY,Paltry Tyrannulet
PAWA,Palm Warbler
PAWR,Pacific Wren
PBBA,Prong-billed Barbet
PBCR,Paint-billed Crake
PBCU,Pearly-breasted Cuckoo
PBFI,Peg-billed Finch
PBGD,Plain-breasted Ground-Dove
PBGR,Pied-billed Grebe
PBHE,Pale-bellied Hermit
PBIW,Pale-billed Woodpecker
PBJA,Purplish-backed Jay
PBQD,Purplish-backed Quail-Dove
PBRW,Plain-brown Woodcreeper
PBSP,Pale-breasted Spinetail
PCFA,Purple-crowned Fairy
PCST,Plain-capped Starthroat
PCTA,Plain-colored Tanager
PEBO,Peruvian Booby
PECO,Pelagic Cormorant
PEEP_UNI,Unidentified Sandpiper - small
PEFA,Peregrine Falcon
PEFA_AAN,Peregrine Falcon anatum subspecies
PEFA_ANA,Peregrine Falcon anatum/tundrius subspecies
PEFA_PEA,Peregrine Falcon pealei subspecies
PEKI,Pearl Kite
PEPI,Pechora Pipit
PEPT,Pale-eyed Pygmy-Tyrant
PESA,Pectoral Sandpiper
PETH,Pearly-eyed Thrasher
PFGO,Pink-footed Goose
PFSH,Pink-footed Shearwater
PHAI,Phainopepla
PHAL_UNI,Unidentified Phalarope
PHCU,Pheasant Cuckoo
PHVI,Philadelphia Vireo
PHWA,Pink-headed Warbler
PIBI,Pinnated Bittern
PIBT,Pirre Bush-Tanager
PIBU,Pine Bunting
PIFL,Piratic Flycatcher
PIGR,Pine Grosbeak
PIGU,Pigeon Guillemot
PIHU,Pirre Hummingbird
PIJA,Pinyon Jay
PILF,Pileated Flycatcher
PINF,Pine Flycatcher
PIPL,Piping Plover
PIPL_CIR,Piping Plover circumcinctus subspecies
PIPL_MEL,Piping Plover melodus subspecies
PIPU,Pied Puffbird
PIRW,Pirre Warbler
PISI,Pine Siskin
PIWA,Pine Warbler
PIWO,Pileated Woodpecker
PIWT,Pied Water-Tyrant
PLAN,Plain Antvireo
PLAP,Plain Pigeon
PLCH,Plain Chachalaca
PLHA,Plumbeous Hawk
PLKI,Plumbeous Kite
PLUP,Plumbeous Pigeon
PLVI,Plumbeous Vireo
PLWA,Plumbeous Warbler
PLWR,Plain Wren
PLXE,Plain Xenops
POJA,Pomarine Jaeger
POUL,Poo-uli
PRAW,Prairie Warbler
PRBU,Puerto Rican Bullfinch
PREM,Puerto Rican Emerald
PRFA,Prairie Falcon
PRFL,Puerto Rican Flycatcher
PRGS,Prevost's Ground-Sparrow
PRLC,Puerto Rican Lizard-Cuckoo
PRNI,Puerto Rican Nightjar
PROR,Puerto Rican Oriole
PROW,Prothonotary Warbler
PRPA,Puerto Rican Parrot
PRSO,Puerto Rican Screech-Owl
PRSP,Puerto Rican Spindalis
PRTA,Puerto Rican Tanager
PRTO,Puerto Rican Tody
PRVI,Puerto Rican Vireo
PRWO,Puerto Rican Woodpecker
PSFL,Pacific-slope Flycatcher
PSJU,Pink-sided Junco
PSWS,Puget Sound White-crowned Sparrow
PTCA,Purple-throated Carib
PTFR,Purple-throated Fruitcrow
PTMG,Purple-throated Mountain-gem
PTSN,Pin-tailed Snipe
PTWH,Pin-tailed Whydah
PTWO,Purple-throated Woodstar
PUAI,Puaiohi
PUFI,Purple Finch
PUGA,Purple Gallinule
PUHE,Purple Heron
PUHO,Purple Honeycreeper
PUMA,Purple Martin
PUSA,Purple Sandpiper
PVPI,Pale-vented Pigeon
PVTH,Pale-vented Thrush
PYNU,Pygmy Nuthatch
PYRR,Pyrrhuloxia
RAGM,Red-and-green Macaw
RAVE_UNI,Unidentified Raven
RAWW,Rufous-and-white Wren
RAZO,Razorbill
RBAN,Rufous-breasted Antthrush
RBAS,Rusty-backed Spinetail
RBBL,Red-breasted Blackbird
RBBU,Rose-bellied Bunting
RBEC,Rufous-bellied Chachalaca
RBGR,Rose-breasted Grosbeak
RBGU,Ring-billed Gull
RBHE,Rufous-breasted Hermit
RBLE,Red-billed Leiothrix
RBME,Red-breasted Merganser
RBNU,Red-breasted Nuthatch
RBPE,Rufous-browed Peppershrike
RBPI,Red-billed Pigeon
RBRC,Red-breasted Chat
RBRO,Rufous-backed Robin
RBRS,Rufous-breasted Spinetail
RBSA,Red-breasted Sapsucker
RBSC,Red-billed Scythebill
RBSE,Ruddy-breasted Seedeater
RBSW,Rufous-breasted Wren
RBTR,Red-billed Tropicbird
RBTY,Rufous-browed Tyrannulet
RBWO,Red-bellied Woodpecker
RBWW,Rufous-browed Wren
RCAT,Red-crowned Ant-Tanager
RCBF,Rufous-capped Brush-Finch
RCCA,Red-crested Cardinal
RCCO,Red-cheeked Cordonbleu
RCGS,Rusty-crowned Ground-Sparrow
RCKI,Ruby-crowned Kinglet
RCMA,Red-capped Manakin
RCMO,Russet-crowned Motmot
RCNT,Ruddy-capped Nightingale-Thrush
RCOS,Rufous-collared Sparrow
RCPA,Red-crowned Parrot
RCQD,Russet-crowned Quail-Dove
RCRC,Rufous-crested Coquette
RCRO,Rufous-collared Robin
RCRW,Red-crowned Woodpecker
RCSP,Rufous-crowned Sparrow
RCWA,Rufous-capped Warbler
RCWO,Red-cockaded Woodpecker
RDTF,Ruddy-tailed Flycatcher
REAV,Red Avadavat
REBU,Reed Bunting
RECR,Red Crossbill
RECR_PER,Red Crossbill percna subspecies
REDH,Redhead
REDW,Redwing
REEG,Reddish Egret
REJU,Red Junglefowl
REKN,Red Knot
REKN_ISL,Red Knot islandica subspecies
REKN_ROS,Red Knot roselaari type
REKN_RUF,Red Knot rufa subspecies
REPH,Red Phalarope
REQU,Resplendent Quetzal
RESI,Red Siskin
RESQ,Red Squirrel
REVI,Red-eyed Vireo
REWA,Red Warbler
RFBL,Red-flanked Bluetail
RFBO,Red-footed Booby
RFCO,Red-faced Cormorant
RFFA,Red-footed Falcon
RFPA,Red-fronted Parrotlet
RFSP,Red-faced Spinetail
RFTF,Rufous-tailed Flycatcher
RFWA,Red-faced Warbler
RHAU,Rhinoceros Auklet
RHBA,Red-headed Barbet
RHTA,Red-headed Tanager
RHWO,Red-headed Woodpecker
RIHA,Ridgway's Hawk
RIKI,Ringed Kingfisher
RIWR,Riverside Wren
RLHA,Rough-legged Hawk
RLHO,Red-legged Honeycreeper
RLKI,Red-legged Kittiwake
RLPA,Red-lored Parrot
RLTH,Red-legged Thrush
RLTY,Rough-legged Tyrannulet
RMFL,Rusty-margined Flycatcher
RMOT,Rufous Motmot
RMOU,Rufous Mourner
RNAW,Rufous-naped Wren
RNDU,Ring-necked Duck
RNEP,Ring-necked Pheasant
RNGR,Red-necked Grebe
RNPA,Red-necked Parrot
RNPH,Red-necked Phalarope
RNSA,Red-naped Sapsucker
RNST,Red-necked Stint
ROFL,Royal Flycatcher
ROGO,Ross's Goose
ROGU,Ross's Gull
ROHA,Roadside Hawk
ROPI,Rock Pigeon
ROPT,Rock Ptarmigan
ROSA,Rock Sandpiper
ROSP,Roseate Spoonbill
ROST,Roseate Tern
ROTT,Rosy Thrush-Tanager
ROWR,Rock Wren
ROYT,Royal Tern
RRAN,Rufous-rumped Antwren
RRPA,Rose-ringed Parakeet
RRSH,Red-naped/Red-breasted Sapsucker hybrid
RRWO,Red-rumped Woodpecker
RSBL,Red-shouldered Blackbird
RSHA,Red-shouldered Hawk
RSIP,Ringed Storm-Petrel
RSTO_UNI,Unidentified Rufous-sided Towhee complex
RTAH,Rufous-tailed Hummingbird
RTAP,Ring-tailed Pigeon
RTAT,Red-throated Ant-Tanager
RTBE,Rose-throated Becard
RTCA,Red-throated Caracara
RTHA,Red-tailed Hawk
RTHE,Rufescent Tiger-Heron
RTHU,Ruby-throated Hummingbird
RTJA,Rufous-tailed Jacamar
RTLO,Red-throated Loon
RTOH,Ruby-topaz Hummingbird
RTPI,Red-throated Pipit
RTRO,Rufous-tailed Robin
RTSO,Rufous-throated Solitaire
RTTA,Rose-throated Tanager
RTTR,Red-tailed Tropicbird
RUAN,Russet Antshrike
RUBL,Rusty Blackbird
RUBU,Rustic Bunting
RUCR,Ruddy Crake
RUDP,Ruddy Pigeon
RUDU,Ruddy Duck
RUFF,Ruff
RUFG,Ruddy Foliage-gleaner
RUFP,Rufous Piha
RUGD,Ruddy Ground-Dove
RUGR,Ruffed Grouse
RUHU,Rufous Hummingbird
RUNI,Rufous Nightjar
RUNT,Russet Nightingale-Thrush
RUQD,Ruddy Quail-Dove
RUSA,Rufous Sabrewing
RUSP,Rusty Sparrow
RUTR,Ruddy Treerunner
RUTU,Ruddy Turnstone
RUWO,Ruddy Woodcreeper
RUWR,Rufous-necked Wood-Rail
RVBU,Red-vented Bulbul
RVCH,Rufous-vented Chachalaca
RVGC,Rufous-vented Ground-Cuckoo
RWAN,Rufous-winged Antwren
RWBL,Red-winged Blackbird
RWBU,Red-whiskered Bulbul
RWSP,Rufous-winged Sparrow
RWTA,Rufous-winged Tanager
RWWO,Rufous-winged Woodpecker
SACR,Sandhill Crane
SACR_TAB,Sandhill Crane tabida subspecies
SAFI,Saffron Finch
SAFL,Sad Flycatcher
SAGS,Sage Sparrow
SAGU,Sabine's Gull
SAHA,Savanna Hawk
SALS,Saltmarsh Sparrow
SAND,Sanderling
SAPA,Sapayoa
SAPH,Say's Phoebe
SATE,Sandwich Tern
SATH,Sage Thrasher
SAVI,San Andres Vireo
SAVS,Savannah Sparrow
SBAN,Smooth-billed Ani
SBAO,Streak-backed Oriole
SBCU,Slender-billed Curlew
SBDO,Short-billed Dowitcher
SBEH,Snowy-bellied Hummingbird
SBFF,Slaty-backed Forest-Falcon
SBFL,Sulphur-bellied Flycatcher
SBGR,Slender-billed Grackle
SBGU,Slaty-backed Gull
SBJA,San Blas Jay
SBKI,Slender-billed Kite
SBNT,Slaty-backed Nightingale-Thrush
SBOH,Spotted/Barred Owl hybrid
SBOR,Spot-breasted Oriole
SBPI,Short-billed Pigeon
SBRH,Scaly-breasted Hummingbird
SBRO,Siberian Blue Robin
SBSA,Spoon-billed Sandpiper
SBSW,Spot-breasted Wren
SBTA,Scarlet-browed Tanager
SBTH,Scaly-breasted Thrasher
SBTI,Slaty-breasted Tinamou
SBTR,Streak-breasted Treehunter
SBWP,Spot-breasted Woodpecker
SCAA,Scaled Antpitta
SCBA,Spot-crowned Barbet
SCBT,Sooty-capped Bush-Tanager
SCBW,Scaly-breasted Wren
SCCO,Short-crested Coquette
SCGO,Canada Goose - small
SCHA,Streak-chested Antpitta
SCHT,Spangle-cheeked Tanager
SCHU,Scintillant Hummingbird
SCHW,Stripe-cheeked Woodpecker
SCIB,Scarlet Ibis
SCJU,Slate-colored Junco
SCMA,Scarlet Macaw
SCOG,Slate-colored Grosbeak
SCOR,Scott's Oriole
SCOW_UNI,Unidentified Screech-Owl
SCPI,Scaled Pigeon
SCPT,Scale-crested Pygmy-Tyrant
SCQU,Scaled Quail
SCRG,Scrub Greenlet
SCRW,Spot-crowned Woodcreeper
SCSE,Slate-colored Seedeater
SCSO,Slate-colored Solitaire
SCTA,Scarlet Tanager
SECF,Sepia-capped Flycatcher
SEHA,Semiplumbeous Hawk
SEMW,Semper's Warbler
SEOW,Short-eared Owl
SEPL,Semipalmated Plover
SESA,Semipalmated Sandpiper
SESP,Seaside Sparrow
SEUP,Scrub Euphonia
SEWA,Sedge Warbler
SEWR,Sedge Wren
SFAN,Spiny-faced Antshrike
SFFI,Sooty-faced Finch
SFSW,Spot-fronted Swift
SFTA,Silvery-fronted Tapaculo
SGBW,Straight-billed Woodcreeper
SHAL,Shy Albatross
SHAR,Sharpbill
SHBF,Stripe-headed Brush-Finch
SHBL_UNI,Unidentified Shorebird - large
SHBM_UNI,Unidentified Shorebird - medium
SHBS_UNI,Unidentified Shorebird - small
SHCO,Shiny Cowbird
SHHO,Shining Honeycreeper
SHOR_UNI,Unidentified Shorebird
SHPA,Saffron-headed Parrot
SHSP,Stripe-headed Sparrow
SHTF,Slate-headed Tody-Flycatcher
SHTH,Sapphire-throated Hummingbird
SHTN,Short-tailed Nighthawk
SHTY,Sooty-headed Tyrannulet
SHWO,Streak-headed Woodcreeper
SHWR,Sooty-headed Wren
SIAC,Siberian Accentor
SIBW,Stripe-breasted Wren
SICR,Sinaloa Crow
SIMA,Sinaloa Martin
SIQU,Singing Quail
SIRU,Siberian Rubythroat
SIRY,Sirystes
SISW,Sick's Swift
SIWR,Sinaloa Wren
SKLA,Sky Lark
SLAN,Slaty Antwren
SLBF,St. Lucia Black Finch
SLCF,Slaty-capped Flycatcher
SLFI,Slaty Finch
SLFL,Slaty Flowerpiercer
SLOR,St. Lucia Oriole
SLPA,St. Lucia Parrot
SLSH,Slender Sheartail
SLSP,Slaty Spinetail
SLVI,Slaty Vireo
SLWA,St. Lucia Warbler
SMBW,Smoky-brown Woodpecker
SMEW,Smew
SMLO,Smith's Longspur
SMSP,Sierra Madre Sparrow
SNBU,Snow Bunting
SNBW,Strong-billed Woodcreeper
SNCO,Snowy Cotinga
SNEG,Snowy Egret
SNGO,Snow Goose
SNGO_BLU,Snow Goose blue form
SNGO_GRE,Snow Goose Greater form
SNGO_LMC,Snow Goose Lesser - Mid-continent population
SNGO_LWA,Snow Goose Lesser - Western Arctic population
SNGO_LWC,Snow Goose Lesser - Western Central Flyway population
SNGO_LWI,Snow Goose Lesser - Wrangel Island population
SNKI,Snail Kite
SNOC,Snowcap
SNOW,Snowy Owl
SNPI,Scaly-naped Pigeon
SNPL,Snowy Plover
SOBE,Southern Bentbill
SOBT,Southern Beardless-Tyrannulet
SOCW,Socorro Wren
SODO,Socorro Dove
SOEA,Solitary Eagle
SOFL,Social Flycatcher
SOGR,Sooty Grouse
SOLA,Southern Lapwing
SOMA,Southern Martin
SOMO,Socorro Mockingbird
SONW,Song Wren
SOOT,Sooty Thrush
SORA,Sora
SOSA,Solitary Sandpiper
SOSH,Sooty Shearwater
SOSN,Solitary Snipe
SOSP,Song Sparrow
SOTE,Sooty Tern
SOTH,Song Thrush
SOVI,Solitary Vireo complex
SPAN,Spotted Antbird
SPBA,Spotted Barbtail
SPCA,Spot-crowned Antvireo
SPCE,Spot-crowned Euphonia
SPCR,Spotted Crake
SPDO,Spotted Dove
SPEI,Spectacled Eider
SPEO,Spectacled Owl
SPET,Spectacled Thrush
SPFL,Spotted Flycatcher
SPGR,Spruce Grouse
SPMO,Speckled Mourner
SPNT,Spotted Nightingale-Thrush
SPOW,Spotted Owl
SPOW_CAU,Spotted Owl caurina subspecies
SPPA,Spectacled Parrotlet
SPPI,Sprague's Pipit
SPQU,Spotted Wood-Quail
SPRA,Spotted Rail
SPRE,Spotted Redshank
SPSA,Spotted Sandpiper
SPSK,South Polar Skua
SPTA,Speckled Tanager
SPTH,Sparkling-tailed Hummingbird
SPTN,Spot-tailed Nightjar
SPTO,Spotted Towhee
SPTS,Sharp-tailed Sandpiper
SPWO,Spotted Woodcreeper
SPWR,Spotted Wren
SQCU,Squirrel Cuckoo
SRCA,Scarlet-rumped Cacique
SRFL,Sulphur-rumped Flycatcher
SRGH,Snow/Ross's Goose hybrid
SRTA,Sulphur-rumped Tanager
SRTH,Stripe-throated Hermit
SRTS,Short-tailed Shearwater
SRWS,Southern Rough-winged Swallow
SSAL,Streaked Saltator
SSHA,Sharp-shinned Hawk
SSPA,Striped Sparrow
SSPE,Swinhoe's Storm-Petrel
STAL,Short-tailed Albatross
STCA,Streak-crowned Antvireo
STCU,Striped Cuckoo
STCW,Strickland's Woodpecker
STDA,Scarlet-thighed Dacnis
STEI,Steller's Eider
STFG,Scaly-throated Foliage-gleaner
STFL,Scissor-tailed Flycatcher
STGN,Slate-throated Gnatcatcher
STGR,Sharp-tailed Grouse
STGU,Swallow-tailed Gull
STHA,Short-tailed Hawk
STHJ,Silvery-throated Jay
STJA,Steller's Jay
STKI,Swallow-tailed Kite
STLE,Scaly-throated Leaftosser
STLH,Stripe-tailed Hummingbird
STOF,Stolid Flycatcher
STON,Stonechat
STOW,Stygian Owl
STPE,Stejneger's Petrel
STPW,Striped Woodhaunter
STRE,Slate-throated Redstart
STRF,Streaked Flycatcher
STRH,Striated Heron
STRM,Streamertail
STRO,Striped Owl
STRS,Streaked Shearwater
STSA,Stilt Sandpiper
STSE,Steller's Sea-Eagle
STSP_UNI,Unidentified Sharp-tailed Sparrow
STST,Sharp-tailed Streamcreeper
STSW,Short-tailed Swift
STTA,Silver-throated Tanager
STTR,Slaty-tailed Trogon
STTS,Stub-tailed Spadebill
STWR,Stripe-throated Wren
STXE,Streaked Xenops
SUNB,Sunbittern
SUNG,Sungrebe
SURF,Surfbird
SUSC,Surf Scoter
SUTA,Summer Tanager
SUWR,Sumichrast's Wren
SVHU,Steely-vented Hummingbird
SVPA,St. Vincent Parrot
SWFG,Slaty-winged Foliage-gleaner
SWFL,Southwestern Willow Flycatcher
SWHA,Swainson's Hawk
SWPA,Sulphur-winged Parakeet
SWSP,Swamp Sparrow
SWTA,Swallow Tanager
SWTH,Swainson's Thrush
SWWA,Swainson's Warbler
TABG,Taiga Bean-Goose
TABT,Tacarcuna Bush-Tanager
TACR,Tamaulipas Crow
TAFL,Taiga Flycatcher
TAPE,Tahiti Petrel
TAPO,Tamaulipas Pygmy-Owl
TATA,Tacarcuna Tapaculo
TAWQ,Tacarcuna Wood-Quail
TBEU,Thick-billed Euphonia
TBFL,Tawny-breasted Flycatcher
TBHU,Tooth-billed Hummingbird
TBKI,Thick-billed Kingbird
TBMO,Turquoise-browed Motmot
TBMU,Thick-billed Murre
TBPA,Thick-billed Parrot
TBSF,Thick-billed Seed-Finch
TBVI,Thick-billed Vireo
TCEU,Tawny-capped Euphonia
TCFL,Tawny-chested Flycatcher
TCGR,Tawny-crowned Greenlet
TCNI,Tawny-collared Nightjar
TCTA,Tawny-crested Tanager
TEAL_UNI,Unidentified Teal
TERN_UNI,Unidentified Tern
TESA,Terek Sandpiper
TEST,Temminck's Stint
TEWA,Tennessee Warbler
TFGN,Tawny-faced Gnatwren
TFQU,Tawny-faced Quail
THAN,Thicket Antpitta
THGU,Thayer's Gull
THTI,Thicket Tinamou
THWH,Townsend's/Hermit Warbler hybrid
TIHA,Tiny Hawk
TIWR,Timberline Wren
TLSC,Thrush-like Schiffornis
TOMO,Tody Motmot
TOSH,Townsend's Shearwater
TOSO,Townsend's Solitaire
TOTY,Torrent Tyrannulet
TOWA,Townsend's Warbler
TOWH_UNI,Unidentified Towhee
TRBL,Tricolored Blackbird
TRES,Tree Swallow
TRFL,Traill's Flycatcher (Alder/Willow)
TRGN,Tropical Gnatcatcher
TRHE,Tricolored Heron
TRJA,Transvolcanic Jay
TRKI,Tropical Kingbird
TRMO,Tropical Mockingbird
TRMU,Tricolored Munia
TRPA,Tropical Parula
TRPE,Tropical Pewee
TRPI,Tree Pipit
TRSO,Tropical Screech-Owl
TRSP,Tristram's Storm-Petrel
TRUS,Trumpeter Swan
TRUS_INT,Trumpeter Swan - Interior population
TRUS_PAC,Trumpeter Swan - Pacific Coast population
TRUS_ROC,Trumpeter Swan - Rocky Mountain population
TSBL,Tawny-shouldered Blackbird
TSWA,Three-striped Warbler
TTLE,Tawny-throated Leaftosser
TUBG,Tundra Bean-Goose
TUCO,Turquoise Cotinga
TUDU,Tufted Duck
TUFL,Tufted Flycatcher
TUJA,Tufted Jay
TUPU,Tufted Puffin
TUQD,Tuxtla Quail-Dove
TUSW,Tundra Swan
TUSW_EAS,Tundra Swan - Eastern population
TUSW_WES,Tundra Swan - Western population
TUTI,Tufted Titmouse
TUVU,Turkey Vulture
TWBE,Three-wattled Bellbird
TWWO,Tawny-winged Woodcreeper
UAIH,Ula-ai-hawane
UCFI,Unidentified Carpodacus finch
UEFL,Unidentified Empidonax flycatcher
UNAC,Unidentified Accipiter
UNAY,Unidentified Aythya
UNBL,Unidentified Blackbird
UNBP,Unidentified Brotogeris Parakeet
UNBU,Unidentified Buteo
UNCB,Unidentified Crossbill
UNCH,Unidentified Chickadee
UNCO,Unidentified Cormorant
UNCR,Unidentified Crow
UNCU,Unidentified Cuckoo
UNCW,Unidentified Cowbird
UNDA,Unidentified Dabbler
UNDD,Unidentified Domestic Duck
UNDG,Unidentified Domestic Goose
UNDI,Unidentified Diver
UNDO,Unidentified Dowitcher
UNDU,Unidentified Duck
UNEA,Unidentified Eagle
UNEG,Unidentified Egret
UNEI,Unidentified Eider
UNEM,Unidentified Empidonax Flycatcher
UNFA,Unidentified Falcon
UNFL,Unidentified Flycatcher
UNGN,Unidentified Gnatcatcher
UNGO,Unidentified Goldeneye
UNGR,Unidentified Grebe
UNGU,Unidentified Gull
UNHU,Unidentified Hummingbird
UNIC,Uniform Crake
UNJA,Unicolored Jay
UNJT,Unidentified Oak/Juniper Titmouse
UNJU,Unidentified Junco Subspecies
UNKI,Unidentified Kingbird
UNKN,Unidentified (Unknown) Bird Species
UNLD,Unidentified Large Dabbler
UNLG,Unidentified Gull (Larus sp.)
UNLO,Unidentified Loon
UNLP,Unidentified Large Plover
UNLS,Unidentified Shorebird - Large
UNMD,Unidentified Meadowlark
UNME,Unidentified Merganser
UNMS,Unidentified Shorebird - Medium
UNNH,Unidentified Night-Heron
UNNI,Unidentified Nighthawk
UNOR,Unidentified Oriole
UNOW,Unidentified Owl
UNPA,Unidentified Passerine
UNPH,Unidentified Phalarope
UNPL,Unidentified Plegadis Ibis
UNRA,Unidentified Raptor
UNRE,Unidentified Redpoll
UNRL,Unidentified Rail
UNRV,Unidentified Raven
UNSA,Unidentified Sapsucker
UNSB,Unidentified Shorebird
UNSC,Unidentified Scaup
UNSD,Unidentified Small Dabbler
UNSN,Unidentified Swan
UNSP,Unidentified Sparrow
UNSR,Unidentified Scoter
UNSS,Unidentified Shorebird - Small
UNSV,Unidentified Solitary Vireo Complex
UNSW,Unidentified Swallow
UNTH,Unidentified Thrush
UNTI,Unidentified Black-crested/Tufted Titmouse
UNTL,Unidentified Teal
UNTN,Unidentified Tern
UNTO,Unidentified Towhee
UNVI,Unidentified Vireo
UNVU,Unidentified Vulture
UNWA,Unidentified Warbler
UNWO,Unidentified Woodpecker
UNWR,Unidentified Wren
UNYE,Unidentified Yellowlegs
UPCH,Unidentified Poecile Chickadee
UPSA,Upland Sandpiper
UPTA,Unidentified Piranga Tanager
USHU,Unidentified Selaphorus Hummingbird
USWO,Unspotted Saw-whet Owl
VABU,Varied Bunting
VAFL,Variegated Flycatcher
VASE,Variable Seedeater
VASO,Varied Solitaire
VASW,Vaux's Swift
VATH,Varied Thrush
VBHU,Violet-bellied Hummingbird
VCAH,Violet-capped Hummingbird
VCHU,Violet-crowned Hummingbird
VCWO,Violet-crowned Woodnymph
VEER,Veery
VEFL,Vermilion Flycatcher
VEHU,Vervain Hummingbird
VEMA,Veraguan Mango
VERD,Verdin
VESO,Vermiculated Screech-Owl
VESP,Vesper Sparrow
VESP_AFF,Vesper Sparrow affinis subspecies
VETR,Venezuelan Troupial
VGSW,Violet-green Swallow
VHHU,Violet-headed Hummingbird
VIDA,Viridian Dacnis
VIQD,Violaceous Quail-Dove
VIRA,Virginia Rail
VIRE_UNI,Unidentified Vireo
VISA,Violet Sabrewing
VITW,Vitelline Warbler
VIWA,Virginia's Warbler
VIWE,Village Weaver
VOHU,Volcano Hummingbird
VOJU,Volcano Junco
WAAL,Wandering Albatross
WAJA,Wattled Jacana
WATA,Wandering Tattler
WAVI,Warbling Vireo
WAXW_UNI,Unidentified Waxwing
WBAA,Wing-banded Antbird
WBCH,White-bellied Chachalaca
WBEA,White-bellied Antbird
WBEM,White-bellied Emerald
WBMG,White-bellied Mountain-gem
WBNU,White-breasted Nuthatch
WBTH,White-breasted Thrasher
WBWO,Wedge-billed Woodcreeper
WBWR,White-bellied Wren
WBWW,White-breasted Wood-Wren
WCCO,White-crested Coquette
WCEL,White-crested Elaenia
WCHP,White-cheeked Pintail
WCHS,White-chinned Swift
WCOM,White-collared Manakin
WCPA,White-crowned Parrot
WCPE,White-chinned Petrel
WCPI,White-crowned Pigeon
WCRM,White-crowned Manakin
WCSE,White-collared Seedeater
WCSP,White-crowned Sparrow
WCSW,White-collared Swift
WCTH,White-chinned Thrush
WEBL,Western Bluebird
WECL_UNI,Unidentified Clark's/Western Grebe
WECO,White-eared Conebill
WECT,Western Chat-Tanager
WEFL,Western Flycatcher: Cordilleran/Pacific-slope Flycatcher
WEGR,Western Grebe
WEGS,White-eared Ground-Sparrow
WEGU,Western Gull
WEHU,White-eared Hummingbird
WEKI,Western Kingbird
WEME,Western Meadowlark
WERH,Western Reef-Heron
WESA,Western Sandpiper
WESJ,Western Scrub-Jay
WESO,Western Screech-Owl
WESO_KEN,Western Screech-Owl kennicottii subspecies
WESO_MAC,Western Screech-Owl macfarlanei subspecies
WESP,Western Spindalis
WETA,Western Tanager
WETH,White-eyed Thrush
WEVI,White-eyed Vireo
WEWA,Worm-eating Warbler
WEWP,Western Wood-Pewee
WFAQ,White-faced Quail-Dove
WFIB,White-faced Ibis
WFLA,White-flanked Antwren
WFNU,White-fronted Nunbird
WFPA,White-fronted Parrot
WFQD,White-fronted Quail-Dove
WFRA,White-fringed Antwren
WFSP,White-faced Storm-Petrel
WFSW,White-fronted Swift
WFWD,White-faced Whistling-Duck
WGSH,White-crowned/Golden-crowned Sparrow hybrid
WGWH,Western/Glaucous-winged Gull hybrid
WHAU,Whiskered Auklet
WHCR,Whooping Crane
WHHA,White Hawk
WHIB,White Ibis
WHIM,Whimbrel
WHIW,Whistling Warbler
WHOS,Whooper Swan
WHSO,Whiskered Screech-Owl
WHST,Whiskered Tern
WHTT,White Tern
WHWA,White Wagtail
WHWA_BLB,White Wagtail black-backed form
WHWO,White-headed Woodpecker
WHWR,White-headed Wren
WIFL,Willow Flycatcher
WILL,Willet
WILW,Willow Warbler
WIPH,Wilson's Phalarope
WIPL,Wilson's Plover
WIPT,Willow Ptarmigan
WISA,Williamson's Sapsucker
WISN,Wilson's Snipe
WISP,Wilson's Storm-Petrel
WITU,Wild Turkey
WIWA,Wilson's Warbler
WIWD,West Indian Whistling-Duck
WIWO,West Indian Woodpecker
WIWR,Winter Wren
WLGN,White-lored Gnatcatcher
WLTA,White-lined Tanager
WMBH,Western/Mountain Bluebird hybrid
WMCH,West Mexican Chachalaca
WMHA,Western Marsh Harrier
WNBF,White-naped Brush-Finch
WNCR,White-necked Crow
WNJA,White-necked Jacobin
WNPE,White-necked Petrel
WNPU,White-necked Puffbird
WNSW,White-naped Swift
WODU,Wood Duck
WOSA,Wood Sandpiper
WOSP,Worthen's Sparrow
WOST,Wood Stork
WOTH,Wood Thrush
WOWA,Wood Warbler
WPWA,Western Palm Warbler
WREN,Wrentit
WRET,Wrenthrush
WRFL,White-ringed Flycatcher
WRMA,White-ruffed Manakin
WRSA,White-rumped Sandpiper
WRSH,White-rumped Shama
WRSP,Wedge-rumped Storm-Petrel
WSLA,Western Slaty-Antshrike
WSTA,White-shouldered Tanager
WSWO,White-striped Woodcreeper
WTAH,White-tailed Hummingbird
WTAT,White-tailed Trogon
WTCR,White-throated Crake
WTDO,White-tipped Dove
WTEA,White-tailed Eagle
WTEM,White-tailed Emerald
WTFL,White-throated Flycatcher
WTGF,Wedge-tailed Grass-Finch
WTGS,White-thighed Swallow
WTHA,White-tailed Hawk
WTHH,Wine-throated Hummingbird
WTJA,White-throated Jay
WTKI,White-tailed Kite
WTMG,White-throated Mountain-gem
WTMJ,White-throated Magpie-Jay
WTNE,White-throated Needletail
WTNI,White-tailed Nightjar
WTPT,White-tailed Ptarmigan
WTRS,White-throated Spadebill
WTSA,Wedge-tailed Sabrewing
WTSH,Wedge-tailed Shearwater
WTSI,White-tipped Sicklebill
WTSP,White-throated Sparrow
WTST,White-throated Shrike-Tanager
WTSW,White-throated Swift
WTTH,White-throated Thrush
WTTO,White-throated Towhee
WTTR,White-tailed Tropicbird
WVEU,White-vented Euphonia
WVPL,White-vented Plumeleteer
WWBE,White-winged Becard
WWCR,White-winged Crossbill
WWDO,White-winged Dove
WWJU,White-winged Junco
WWPA,White-winged Parakeet
WWPU,White-whiskered Puffbird
WWSC,White-winged Scoter
WWTA,White-winged Tanager
WWTE,White-winged Tern
WWWA,White-winged Warbler
XAHU,Xantus's Hummingbird
XAMU,Xantus's Murrelet
YBCA,Yellow-billed Cardinal
YBCH,Yellow-breasted Chat
YBCH_ABC,Yellow-breasted Chat auricollis subspecies British Columbia population
YBCH_PRA,Yellow-breasted Chat auricollis subspecies Prairie population
YBCH_VIR,Yellow-breasted Chat virens subspecies
YBCO,Yellow-billed Cotinga
YBCR,Yellow-breasted Crake
YBCU,Yellow-billed Cuckoo
YBEL,Yellow-bellied Elaenia
YBFL,Yellow-bellied Flycatcher
YBIC,Yellow-billed Cacique
YBLO,Yellow-billed Loon
YBOR,Yellow-backed Oriole
YBPA,Yellow-billed Parrot
YBRF,Yellow-breasted Flycatcher
YBSA,Yellow-bellied Sapsucker
YBSB,Yellow-breasted Bunting
YBSE,Yellow-bellied Seedeater
YBSI,Yellow-bellied Siskin
YBSV,Yellow-browed Shrike-Vireo
YBTA,Yellow-backed Tanager
YBTE,Yellow-billed Tern
YBTY,Yellow-bellied Tyrannulet
YBWA,Yellow-browed Warbler
YBWB,Yellow-browed Bunting
YCBI,Yellow-crowned Bishop
YCCH,Yellow-collared Chlorophonia
YCEU,Yellow-crowned Euphonia
YCNH,Yellow-crowned Night-Heron
YCPA,Yellow-crowned Parrot
YCTY,Yellow-crowned Tyrannulet
YEBI,Yellow Bittern
YEFL,Yellowish Flycatcher
YEGR,Yellow Grosbeak
YEJU,Yellow-eyed Junco
YEPI,Yellowish Pipit
YERA,Yellow Rail
YETO,Yellow-eared Toucanet
YETY,Yellow Tyrannulet
YFCA,Yellow-fronted Canary
YFGR,Yellow-faced Grassquit
YFGU,Yellow-footed Gull
YGFI,Yellow-green Finch
YGGR,Yellow-green Grosbeak
YGTY,Yellow-green Tyrannulet
YGVI,Yellow-green Vireo
YHBL,Yellow-headed Blackbird
YHCA,Yellow-headed Caracara
YHOB,Yellow-hooded Blackbird
YHPA,Yellow-headed Parrot
YHWA,Yellow-headed Warbler
YLGU,Yellow-legged Gull
YLPA,Yellow-lored Parrot
YMBA,Yellow-billed Magpie
YMFL,Yellow-margined Flycatcher
YNAL,Yellow-nosed Albatross
YNPA,Yellow-naped Parrot
YOFL,Yellow-olive Flycatcher
YPWA,Yellow Palm Warbler
YRCA,Yellow-rumped Cacique
YRWA,Yellow-rumped Warbler
YRWA_UNI,Unidentified Yellow-rumped Warbler subspecies
YSBL,Yellow-shouldered Blackbird
YSGR,Yellow-shouldered Grassquit
YTBT,Yellow-throated Bush-Tanager
YTBU,Yellow-throated Bunting
YTEU,Yellow-throated Euphonia
YTFI,Yellow-thighed Finch
YTOR,Yellow-tailed Oriole
YTVI,Yellow-throated Vireo
YTWA,Yellow-throated Warbler
YUFL,Yucatan Flycatcher
YUJA,Yucatan Jay
YUNI,Yucatan Nightjar
YUPO,Yucatan Poorwill
YUVI,Yucatan Vireo
YUWO,Yucatan Woodpecker
YUWR,Yucatan Wren
YEWA,Yellow Warbler
YWCA,Yellow-winged Cacique
YWTA,Yellow-winged Tanager
YWVI,Yellow-winged Vireo
ZARA,Zapata Rail
ZASP,Zapata Sparrow
ZAWR,Zapata Wren
ZEBD,Zebra Dove
ZEND,Zenaida Dove
ZONO_HYB,Zonotrichia sparrow hybrid
ZTHA,Zone-tailed Hawk
